City,Cloudiness,Country,Date,Humidity,Lat,Lng,Max Temp,Wind Speed
mar del plata,92,AR,1551934445,95,-46.43,-67.52,47.84,12.66
ritchie,0,ZA,1551931200,72,-29.03,24.6,66.2,5.82
hojai,0,IN,1551934446,77,26,92.85,75.25,1.92
bredasdorp,48,ZA,1551933922,72,-34.53,20.04,66.2,5.82
bethel,90,US,1551930960,86,60.79,-161.76,30.2,9.17
saint george,20,GR,1551934413,86,39.45,22.34,52,1.48
castro,75,CL,1551931200,93,-42.48,-73.76,51.8,5.82
ubatuba,48,BR,1551934447,100,-23.43,-45.08,73.18,3.38
mackay,40,CA,1551931200,77,53.65,-115.58,5,9.17
punta arenas,0,CL,1551934398,100,-53.16,-70.91,41,14.99
bay roberts,90,CA,1551934107,85,47.58,-53.28,21.99,16.11
vaini,0,IN,1551931200,41,15.34,74.49,75.2,5.82
liverpool,75,GB,1551934257,75,53.41,-2.98,46.4,17.22
chokurdakh,0,RU,1551934448,53,70.62,147.9,-10.39,4.94
mapiri,44,BO,1551934448,100,-15.31,-68.22,49.96,0.36
east london,20,ZA,1551934243,100,-33.02,27.91,74.57,22.06
cherskiy,20,RU,1551934208,69,68.75,161.3,-5.44,0.58
moindou,0,NC,1551933000,66,-21.69,165.68,86,11.41
kaitangata,92,NZ,1551934378,86,-46.28,169.85,55,7
atar,0,MR,1551934449,40,20.52,-13.05,53.87,8.63
albany,20,US,1551934140,40,42.65,-73.75,14,8.05
cape town,75,ZA,1551934263,77,-33.93,18.42,68,6.93
camacha,40,PT,1551931200,76,33.08,-16.33,57.2,10.29
puerto ayora,0,EC,1551934243,100,-0.74,-90.35,79.34,8.97
rikitea,68,PF,1551934333,100,-23.12,-134.97,79.93,17.02
touros,40,BR,1551931200,94,-5.2,-35.46,77,3.36
inirida,64,CO,1551934450,95,3.87,-67.92,75.02,2.04
bambous virieux,40,MU,1551934444,78,-20.34,57.76,84,3.36
yellowknife,5,CA,1551934377,77,62.45,-114.38,8.01,3.36
truro,40,GB,1551934446,75,50.26,-5.05,46.99,18.34
oktyabrskiy,0,RU,1551933924,66,55.61,37.97,19,4.47
roebourne,0,AU,1551934450,21,-20.77,117.15,104.05,7.4
port alfred,92,ZA,1551934089,83,-33.59,26.89,70,4
butaritari,80,KI,1551934247,100,3.07,172.79,80.87,13.44
hithadhoo,20,MV,1551934451,100,-0.6,73.08,83.12,5.28
roald,48,NO,1551934203,74,62.58,6.12,36,24.16
hermanus,80,ZA,1551934009,91,-34.42,19.24,64.99,1.99
cidreira,8,BR,1551934451,92,-30.17,-50.22,73.76,6.62
saint-philippe,90,CA,1551934419,50,45.36,-73.48,8.6,3.6
dikson,80,RU,1551934262,89,73.51,80.55,3.52,29.21
bluff,44,AU,1551934451,32,-23.58,149.07,95.41,12.21
mwene-ditu,56,CD,1551934452,99,-7.01,23.45,66.56,5.61
howard springs,40,AU,1551934421,55,-12.5,131.05,95,9.17
narsaq,75,GL,1551930600,34,60.91,-46.05,35.6,14.99
taoudenni,0,ML,1551934273,31,22.68,-3.98,47.35,2.59
lagos,20,NG,1551931200,94,6.46,3.39,75.2,4.7
chuy,0,UY,1551934315,92,-33.69,-53.46,73.94,12.44
ambilobe,88,MG,1551934453,100,-13.19,49.05,75.61,4.38
airai,92,TL,1551934251,96,-8.93,125.41,72.59,1.92
adrar,0,DZ,1551931200,19,27.87,-0.29,55.4,4.7
ferrol,0,ES,1551933905,87,43.48,-8.23,50,10.29
mount gambier,8,AU,1551931200,30,-37.83,140.78,69.8,9.17
qaanaaq,68,GL,1551934236,89,77.48,-69.36,-1.71,4.5
khatanga,68,RU,1551934289,77,71.98,102.47,2.08,11.21
fare,48,PF,1551934454,96,-16.7,-151.02,84.79,12.77
laguna,0,MX,1551934454,72,27.52,-110.01,60.71,2.26
hobart,0,AU,1551934275,32,-42.88,147.33,68,17.22
ushuaia,75,AR,1551931200,80,-54.81,-68.31,39.2,20.8
marawi,88,PH,1551933914,71,8,124.29,82.99,5.99
hilo,90,US,1551934212,88,19.71,-155.08,66.2,3.36
pimentel,88,BR,1551934454,97,-3.7,-45.5,71.06,2.37
karratha,0,AU,1551934309,21,-20.74,116.85,104.05,7.4
chillicothe,1,US,1551934205,67,39.33,-82.98,25,7.63
gweta,0,BW,1551934455,66,-20.21,25.26,73.63,11.21
villa carlos paz,0,AR,1551933968,94,-31.42,-64.5,75.99,6.93
busselton,100,AU,1551934370,62,-33.64,115.35,72,2.93
havre-saint-pierre,40,CA,1551931200,59,50.23,-63.6,-0.41,11.41
payette,20,US,1551934304,87,44.08,-116.93,46.99,4.94
jamestown,0,AU,1551934342,42,-33.21,138.6,71.11,8.86
tommot,76,RU,1551934455,63,58.97,126.27,24.89,6.17
kapaa,1,US,1551934104,60,22.08,-159.32,75.2,21.92
iqaluit,40,CA,1551934374,68,63.75,-68.52,-18.01,28.86
ardesen,75,TR,1551933000,87,41.19,40.99,44.6,12.75
port jervis,1,US,1551934441,65,41.38,-74.69,18,4.61
tuktoyaktuk,75,CA,1551931200,77,69.44,-133.03,1.4,8.05
palora,56,EC,1551934456,97,-1.7,-77.97,61.75,2.37
dingle,0,PH,1551934296,40,11,122.67,90.46,12.55
santiago,0,CL,1551934292,34,-33.44,-70.65,70,9.17
coihaique,0,CL,1551931200,87,-45.58,-72.07,46.4,3.36
galveston,1,US,1551934429,79,40.58,-86.19,26.01,12.75
tiksi,92,RU,1551934457,79,71.64,128.87,13.33,3.6
nanortalik,80,GL,1551934264,90,60.14,-45.24,31.19,13.44
longyearbyen,20,NO,1551930600,59,78.22,15.63,3.2,6.93
dinguiraye,0,GN,1551934457,53,11.29,-10.71,62.2,3.83
lokachi,48,UA,1551931837,96,50.74,24.65,30.99,16.8
kudahuvadhoo,32,MV,1551934458,100,2.67,72.89,82.63,6.73
mataura,100,NZ,1551934206,93,-46.19,168.86,53.01,3
nome,90,US,1551934220,61,30.04,-94.42,53.01,4.7
santa rosa de cabal,40,CO,1551931200,94,4.86,-75.62,71.6,6.93
berlevag,20,NO,1551930600,57,70.86,29.09,21.2,8.05
ponta do sol,32,BR,1551934281,95,-20.63,-46,63.46,2.82
chunskiy,36,RU,1551934459,67,56.08,99.63,28.9,6.62
inhambane,40,MZ,1551931200,83,-23.87,35.38,77,13.22
port blair,20,IN,1551931200,66,11.67,92.75,86,4.7
ribeira grande,92,PT,1551934274,95,38.52,-28.7,61.93,17.58
winnemucca,90,US,1551933969,70,40.97,-117.74,46.4,12.75
avarua,92,CK,1551933000,78,-21.21,-159.78,80.6,17.22
hasaki,75,JP,1551934175,87,35.73,140.83,50,17.22
carutapera,88,BR,1551934196,100,-1.2,-46.02,72.64,7.18
tautira,75,PF,1551934394,74,-17.73,-149.15,82.4,3.36
arraial do cabo,48,BR,1551934460,89,-22.97,-42.02,80.24,11.77
emba,40,CY,1551933000,77,34.81,32.42,59,12.75
madras,90,US,1551934249,92,44.63,-121.13,30.99,5.82
flinders,0,AU,1551934446,32,-34.58,150.85,72,9.17
labuan,75,BN,1551933000,74,5.28,115.24,87.8,3.36
sinnamary,92,GF,1551934460,100,5.38,-52.96,78.13,13.22
norman wells,20,CA,1551931200,70,65.28,-126.83,-2.21,3.36
carnarvon,24,ZA,1551934461,29,-30.97,22.13,69.71,8.41
porto novo,40,BR,1551931200,94,-23.68,-45.44,71.6,2.24
sioux lookout,5,CA,1551931200,83,50.1,-91.92,-0.41,3.36
buala,48,SB,1551934461,94,-8.15,159.59,83.26,6.17
tasiilaq,88,GL,1551934461,100,65.61,-37.64,17.69,17.47
mountain home,1,US,1551934121,100,43.13,-115.69,48.2,17.22
barrow,44,AR,1551934462,77,-38.31,-60.23,74.8,13.33
upernavik,8,GL,1551934462,100,72.79,-56.15,3.74,20.83
koping,92,SE,1551934462,97,59.51,15.99,35.01,11.41
yar-sale,88,RU,1551934462,95,66.83,70.83,19.67,5.17
mehamn,20,NO,1551932400,57,71.03,27.85,23,8.05
okhotsk,0,RU,1551934338,86,59.36,143.24,20.17,4.05
zhigansk,76,RU,1551934249,70,66.77,123.37,23.54,7.4
belyy yar,0,RU,1551931200,54,53.6,91.39,28.4,2.24
saskylakh,44,RU,1551934259,81,71.97,114.09,-5.31,13
voyvozh,56,RU,1551934463,79,62.89,54.96,13.33,14.23
atuona,92,PF,1551934463,98,-9.8,-139.03,83.12,17.47
kavaratti,0,IN,1551934337,100,10.57,72.64,82.22,12.1
san nicolas,92,HN,1551934463,97,14.94,-88.33,66.43,2.37
santo antonio do ica,12,BR,1551934463,83,-3.1,-67.94,79.3,5.28
bereda,0,ES,1551934206,87,43.27,-7.54,48.99,10.29
puksoozero,24,RU,1551934464,80,62.59,40.61,13.37,15.12
taltal,20,CL,1551934464,100,-25.41,-70.49,53.87,0.81
bathsheba,20,BB,1551931200,78,13.22,-59.52,77,17.22
zyryanka,0,RU,1551934464,69,65.73,150.89,1.63,4.5
san ignacio,92,CL,1551931200,82,-36.8,-72.03,60.8,2.24
viedma,92,AR,1551934465,34,-40.81,-62.99,77.41,23.29
vostok,24,RU,1551934465,48,46.45,135.83,28.72,3.38
gari,48,RU,1551934465,71,59.43,62.35,32.41,13.44
pavino,40,RU,1551931200,86,55.02,82.61,26.6,13.42
komsomolskiy,80,RU,1551934465,76,67.55,63.78,4.06,7.63
najran,40,SA,1551931200,18,17.54,44.22,60.8,4.7
hirara,75,JP,1551931200,77,24.8,125.28,62.6,14.99
georgetown,20,GY,1551931200,94,6.8,-58.16,75.2,4.7
severo-kurilsk,24,RU,1551934466,100,50.68,156.12,25.79,18.14
kruisfontein,68,ZA,1551934466,82,-34,24.73,67.46,16.46
ulladulla,0,AU,1551933984,32,-35.36,150.48,69.8,9.17
bodden town,76,KY,1551933005,79,19.28,-81.25,79,7
namatanai,68,PG,1551934334,100,-3.66,152.44,81.55,2.37
mizdah,0,LY,1551934467,59,31.45,12.98,37.49,3.04
lebu,0,ET,1551934467,72,8.96,38.73,59.41,3.71
reconquista,68,AR,1551934467,89,-29.14,-59.64,71.65,6.29
la rioja,0,AR,1551934425,82,-29.41,-66.86,69.85,2.82
haines junction,0,CA,1551934468,51,60.75,-137.51,-12.51,1.7
kodiak,75,US,1551934405,71,39.95,-94.76,33.01,5.82
saint joseph,75,US,1551934500,72,39.77,-94.85,32,3.71
darnah,8,LY,1551934468,100,32.77,22.64,57.74,6.29
saldanha,36,PT,1551934468,94,41.42,-6.55,35.38,5.84
francisco sa,0,BR,1551931200,73,-16.48,-43.49,73.4,9.31
lasa,40,CY,1551933000,77,34.92,32.53,59,12.75
brae,92,GB,1551932400,86,60.4,-1.35,42.8,26.4
sabha,0,LY,1551934469,44,27.03,14.43,44.47,7.85
portel,20,PT,1551931200,100,38.31,-7.71,44.6,6.93
muskegon,90,US,1551934456,85,43.23,-86.25,26.01,5.82
padang,40,ID,1551931200,66,-0.92,100.36,89.6,5.82
basoko,88,CD,1551934470,93,1.23,23.61,74.62,4.38
punta de bombon,20,PE,1551934470,98,-17.17,-71.79,70.34,4.16
husavik,0,CA,1551934206,85,50.56,-96.99,-3,6.06
saint-augustin,92,FR,1551934449,87,44.83,-0.61,48.2,12.75
hamilton,75,BM,1551933947,48,32.3,-64.78,60.8,24.16
poronaysk,8,RU,1551934471,69,49.22,143.1,23.5,5.5
jaciara,8,BR,1551934471,95,-15.95,-54.98,69.67,3.6
lendava,32,SI,1551934469,66,46.56,16.45,55,12.75
hvide sande,92,DK,1551934268,93,56.01,8.13,48.99,8.05
teya,90,MX,1551933985,64,21.05,-89.07,75.2,11.41
gladstone,40,AU,1551933335,62,-23.84,151.26,88,18.34
yumen,8,CN,1551934318,46,40.29,97.04,46.99,14.56
torbay,90,CA,1551934107,85,47.66,-52.73,21.99,16.11
pula,75,EC,1551933996,83,-1.95,-79.93,80.6,6.93
coruripe,88,BR,1551934472,94,-10.12,-36.18,82.36,10.98
sao joao da barra,76,BR,1551934310,100,-21.64,-41.05,78.85,5.17
wangkui,0,CN,1551934473,46,46.83,126.5,43.84,7.07
otukpo,48,NG,1551934473,93,7.19,8.13,75.7,9.98
balaipungut,48,ID,1551934473,62,1.11,101.31,89.65,2.93
esperance,20,TT,1551934210,88,10.24,-61.45,75.2,6.29
alofi,0,NU,1551931200,66,-19.06,-169.92,84.2,13.87
victoria,75,BN,1551933000,74,5.28,115.24,87.8,3.36
boffa,0,GN,1551934473,90,10.18,-14.04,67.42,2.59
lavrentiya,32,RU,1551934474,100,65.58,-170.99,15.13,12.44
bucksport,1,US,1551934403,100,33.66,-79.1,35.6,3.71
bonthe,0,SL,1551934474,98,7.53,-12.5,75.7,3.94
yulara,0,AU,1551931200,13,-25.24,130.99,95,10.29
anadyr,40,RU,1551931200,85,64.73,177.51,17.6,11.18
pevek,56,RU,1551934474,81,69.7,170.27,1.09,2.37
jawa,8,NG,1551934474,27,12.81,11.04,68.68,8.86
ambon,76,FR,1551934469,81,47.55,-2.56,46.99,10.29
la ronge,5,CA,1551931200,77,55.1,-105.3,-2.21,4.7
cabo san lucas,75,MX,1551934233,82,22.89,-109.91,69.01,2.24
aasiaat,24,GL,1551934475,83,68.71,-52.87,20.84,20.94
yashkul,92,RU,1551934475,82,46.17,45.34,42.89,11.21
te anau,92,NZ,1551934471,100,-45.41,167.72,48.25,7.07
fortuna,0,ES,1551934239,54,38.18,-1.13,54,5.82
chateauroux,92,FR,1551934453,81,43.72,0.65,48.2,14.99
aquiraz,75,BR,1551933763,83,-3.9,-38.39,79,4.7
doka,0,SD,1551934476,26,13.52,35.76,72.37,7.63
kikwit,44,CD,1551934476,100,-5.04,18.82,71.24,3.15
valenca do piaui,92,BR,1551934476,99,-6.41,-41.75,70.3,4.61
mahebourg,40,MU,1551934444,78,-20.41,57.7,84,3.36
pangnirtung,64,CA,1551934476,74,66.15,-65.72,-7.56,6.17
port antonio,20,JM,1551931200,57,18.18,-76.45,80.6,3.36
oum hadjer,0,TD,1551934477,47,13.3,19.7,73.36,2.93
saraland,1,US,1551934393,100,30.82,-88.07,44.01,2.82
homer,90,US,1551934432,69,59.64,-151.54,39.2,2.15
gamba,0,CN,1551934477,90,28.28,88.52,22.19,6.62
rio tercero,0,AR,1551934478,87,-32.17,-64.11,68.95,6.29
khorramshahr,0,IR,1551931200,66,30.43,48.18,53.6,9.17
saint anthony,90,US,1551934216,93,43.97,-111.68,37,8.05
chazuta,36,PE,1551934478,95,-6.57,-76.13,73.54,1.7
bichura,88,RU,1551934478,30,50.59,107.6,47.26,4.61
ayan,12,TR,1551934478,79,40.67,33.6,31.6,3.38
port elizabeth,1,US,1551934413,48,39.31,-74.98,26.01,3.36
saint-denis,92,FR,1551934403,81,48.94,2.36,46.4,13.87
leningradskiy,68,RU,1551934479,84,69.38,178.42,5.14,3.38
kahului,75,US,1551934275,77,20.89,-156.47,73,16.11
khash,68,IR,1551934479,40,28.22,61.21,55.94,3.71
lebyazhye,0,RU,1551934382,73,59.96,29.42,21.99,4.47
oktyabrskoye,40,RU,1551934222,79,56.73,85.44,25,13.42
qasigiannguit,36,GL,1551930600,53,68.82,-51.19,21.2,11.41
copiapo,48,CL,1551931200,72,-27.37,-70.33,64.4,5.82
portlethen,100,GB,1551934444,100,57.05,-2.13,43,10.29
iskateley,0,RU,1551934480,75,67.68,53.15,-3.69,12.77
gouyave,20,GD,1551931200,78,12.16,-61.73,78.8,13.87
druzhba,24,UA,1551934196,81,49.36,25.65,34,5.01
new norfolk,0,AU,1551934455,32,-42.78,147.06,68,17.22
pacific grove,90,US,1551934433,81,36.62,-121.92,55,8.05
naze,24,NG,1551934406,93,5.43,7.07,72.59,4.05
amboasary,40,MG,1551931200,94,-25.04,46.38,75.2,2.24
porto walter,0,BR,1551934481,92,-8.27,-72.74,77.27,2.04
sitka,20,US,1551933955,67,37.17,-99.65,34,4
grindavik,20,IS,1551934456,73,63.84,-22.43,26.6,18.34
portree,88,GB,1551933993,90,57.41,-6.19,42.01,11.01
san carlos de bariloche,12,AR,1551934482,97,-41.13,-71.31,43.21,3.94
okakarara,20,NA,1551934357,72,-20.59,17.46,67.87,3.6
terney,20,RU,1551934482,77,45.05,136.61,30.97,11.1
skibbereen,20,IE,1551931200,86,51.55,-9.27,41,10.29
cayenne,75,GF,1551933000,78,4.94,-52.33,78.8,8.05
ikongo,88,MG,1551934483,97,-21.88,47.44,68.36,1.14
belmonte,44,PT,1551933944,93,40.36,-7.35,37,3.83
katsuura,75,JP,1551934482,76,33.93,134.5,51.01,23.04
zhongxing,36,CN,1551934483,66,32.02,116.14,51.85,8.52
nyeri,0,KE,1551934484,76,-0.42,36.95,67.19,5.73
guerrero negro,0,MX,1551934484,95,27.97,-114.04,53.69,4.27
omsukchan,48,RU,1551934484,82,62.53,155.8,-1.26,2.71
faya,40,SA,1551931200,87,18.39,42.45,50,3.36
denpasar,75,ID,1551931200,94,-8.65,115.22,77,23.04
aswan,0,EG,1551934242,68,24.09,32.9,55.22,4.94
clyde river,90,CA,1551931500,83,70.47,-68.59,-5.81,10.29
geraldton,75,CA,1551931200,77,49.72,-86.95,-0.41,8.05
castanos,44,MX,1551934485,83,26.78,-101.42,36.32,1.59
lazaro cardenas,75,MX,1551934140,45,28.39,-105.62,66,5.17
marsh harbour,92,BS,1551934270,100,26.54,-77.06,68.59,15.79
konibodom,32,TJ,1551933000,70,40.3,70.43,46.4,3.49
portland,90,US,1551934070,93,45.52,-122.67,36,4.7
college,90,US,1551934446,92,64.86,-147.8,24.8,3.15
lodwar,64,KE,1551934485,54,3.12,35.6,79.57,5.39
khilok,24,RU,1551934485,29,51.36,110.46,45.28,3.71
glossa,20,GR,1551934259,87,35.47,23.78,55,4.7
craig,90,US,1551933932,100,40.52,-107.55,39.2,9.98
margate,0,AU,1551934455,32,-43.03,147.26,68,17.22
codrington,90,AU,1551934482,69,-28.95,153.24,80.6,18.34
wilmington,1,US,1551934468,44,39.75,-75.55,23,4.7
minas,0,UY,1551931200,83,-34.38,-55.24,75.2,11.41
tarko-sale,80,RU,1551934289,84,64.92,77.78,25,3
varhaug,75,NO,1551934399,81,58.61,5.65,44.6,18.34
kalemie,20,CD,1551934487,100,-5.95,29.2,76.01,5.17
barcelos,75,PT,1551934153,71,41.53,-8.62,51.8,8.05
ust-tsilma,36,RU,1551934487,79,65.44,52.15,7.97,5.73
port lincoln,32,AU,1551934314,72,-34.72,135.86,71.65,8.19
alghero,0,IT,1551932400,67,40.56,8.32,60.8,13.87
thompson,20,CA,1551931200,65,55.74,-97.86,5,11.41
sechura,92,PE,1551934488,78,-5.56,-80.82,77.14,8.52
ancud,75,CL,1551931200,93,-41.87,-73.83,51.8,5.82
abapo,0,BO,1551934488,69,-18.83,-63.47,73.22,4.16
grants,1,US,1551933300,28,35.15,-107.85,55.4,20.8
nikolskoye,0,RU,1551934271,73,59.7,30.79,21.99,4.47
coahuayana,0,MX,1551934268,59,18.62,-100.35,62.02,3.04
luanda,40,AO,1551931200,88,-8.83,13.24,78.8,2.24
arcata,90,US,1551934203,100,40.87,-124.08,45,8.05
chestermere,75,CA,1551934445,84,51.04,-113.82,5,13.87
mattru,0,SL,1551934489,96,7.62,-11.83,73.18,2.59
zambezi,32,ZM,1551934489,83,-13.55,23.12,69.62,5.61
pochutla,5,MX,1551933911,69,15.74,-96.47,80.6,6.93
leh,44,IN,1551934489,85,34.16,77.58,0.77,1.7
sao filipe,0,CV,1551934295,96,14.9,-24.5,70.16,19.04
amantea,0,IT,1551934394,66,39.13,16.07,51.8,8.05
nelson bay,90,AU,1551934235,60,-32.72,152.14,70,11.41
arkhipo-osipovka,8,RU,1551934490,93,44.37,38.53,44.87,8.41
avera,1,US,1551934290,55,33.19,-82.53,39.99,3.36
dhidhdhoo,76,MV,1551934490,100,6.88,73.1,82.27,4.16
lincoln,0,GB,1551934269,86,53.23,-0.54,43,17.22
rudnogorsk,32,RU,1551934491,69,57.27,103.75,26.92,5.95
ostrovnoy,0,RU,1551934491,84,68.05,39.51,6.26,15.68
shumskiy,80,RU,1551934491,63,54.83,99.13,25.75,3.71
nova gradiska,0,HR,1551933903,57,45.26,17.38,48.2,6.93
werda,56,DE,1551934449,46,50.44,12.3,53.6,9.17
excelsior springs,75,US,1551934500,70,39.34,-94.23,33.01,3.71
talakan,20,RU,1551934492,49,50.29,130.28,33.04,3.83
lebane,0,RS,1551934489,74,42.92,21.74,45,2.93
salalah,0,OM,1551930600,60,17.01,54.1,75.2,3.36
tura,0,IN,1551934492,49,25.52,90.21,73.9,3.6
ahipara,92,NZ,1551934362,79,-35.17,173.16,71.02,10.54
shubarshi,48,KZ,1551934279,98,48.59,57.19,37.45,5.61
soyo,92,AO,1551934492,94,-6.13,12.37,78.22,1.36
tiznit,80,MA,1551934493,99,29.7,-9.73,56.98,5.95
ust-kan,0,RU,1551934493,79,50.93,84.77,23.72,2.48
hegang,0,CN,1551934493,39,47.34,130.28,39.34,5.95
mount isa,0,AU,1551933000,19,-20.73,139.49,98.6,16.11
jalu,0,LY,1551934493,76,29.03,21.55,47.8,2.82
ohringen,0,CH,1551934460,75,47.53,8.71,55,14.99
sao miguel do araguaia,32,BR,1551934493,93,-13.28,-50.16,73.09,2.93
gimli,0,CA,1551934470,86,50.63,-96.99,-3,6.06
alyangula,40,AU,1551931200,66,-13.85,136.42,89.6,6.93
trinidad,0,UY,1551934494,87,-33.52,-56.9,71.02,8.19
mozarlandia,92,BR,1551934494,92,-14.74,-50.57,73.22,2.71
salmon creek,90,US,1551934485,93,45.71,-122.66,36,4.7
manzil salim,0,TN,1551931200,28,35.86,8.48,55.4,3.36
juneau,1,US,1551930960,73,58.3,-134.42,26.6,4.16
tuatapere,92,NZ,1551934206,93,-46.13,167.69,53.01,3
raudeberg,0,NO,1551934203,60,61.99,5.14,41,8.05
ossora,88,RU,1551934495,90,59.24,163.07,24.94,15.9
pemba,20,MZ,1551931200,100,-12.97,40.52,75.2,5.82
brownsville,90,US,1551934479,82,25.91,-97.49,57.99,5.82
hofn,92,IS,1551934495,100,64.25,-15.21,34.34,24.52
lagoa,0,PT,1551934029,93,37.14,-8.45,51.01,6.93
san quintin,24,PH,1551934496,46,17.54,120.52,87.67,6.29
lompoc,92,US,1551934255,81,34.64,-120.46,55.4,5.95
luderitz,0,NA,1551934496,93,-26.65,15.16,59.09,11.99
benjamin hill,0,MX,1551933916,40,30.17,-111.1,61,3
mapimi,75,MX,1551933914,37,25.82,-103.85,66.2,1.36
vila velha,75,BR,1551933763,83,-3.71,-38.6,79,4.7
storsteinnes,40,NO,1551932400,85,69.24,19.23,17.6,12.75
ketchikan,1,US,1551930960,59,55.34,-131.65,37.4,6.93
sumbe,88,AO,1551934298,100,-11.2,13.84,75.74,7.74
broome,80,GB,1551934286,87,52.47,1.45,45,17.22
weihai,0,CN,1551934366,72,37.5,122.11,52,1.99
taylorville,90,US,1551934471,68,39.55,-89.29,30,4.7
nemuro,40,JP,1551931200,68,43.32,145.57,26.6,14.99
marquard,32,ZA,1551934497,66,-28.66,27.43,66.92,4.27
beyneu,0,KZ,1551934497,68,45.32,55.19,44.11,5.61
sabang,80,PH,1551934498,83,13.72,123.58,81.32,6.62
praia,0,BR,1551931200,78,-20.25,-43.81,71.6,6.93
beringovskiy,88,RU,1551934377,92,63.05,179.32,24.58,19.48
balkanabat,0,TM,1551934498,72,39.51,54.36,47.62,3.38
trincomalee,0,LK,1551934306,71,8.58,81.23,90.41,3.94
machico,40,PT,1551934267,82,32.7,-16.77,57.2,4.7
sola,75,NO,1551934204,81,58.89,5.65,44.6,18.34
whitehorse,5,CA,1551934376,65,60.72,-135.06,5,4.7
morant bay,20,JM,1551931200,57,17.88,-76.41,80.6,3.36
puerto escondido,5,MX,1551930000,69,15.86,-97.07,80.6,6.93
contamana,24,PE,1551934499,95,-7.35,-75.01,75.92,1.59
qeshm,8,IR,1551933000,73,26.96,56.27,69.8,4.7
ranot,0,TH,1551934303,61,7.78,100.32,90.64,7.4
ternate,40,PH,1551934000,55,14.29,120.72,87.8,13.87
havoysund,20,NO,1551932400,62,71,24.66,23,12.75
waingapu,56,ID,1551934500,89,-9.65,120.26,79.75,9.64
cap malheureux,40,MU,1551934444,78,-19.98,57.61,84,3.36
navrongo,0,GH,1551934500,31,10.89,-1.09,68.68,5.61
baykit,20,RU,1551934500,74,61.68,96.39,14.32,5.84
road town,20,VG,1551934331,83,18.42,-64.62,77,9.17
pisco,75,PE,1551931200,100,-13.71,-76.2,73.4,6.93
los alamos,40,US,1551934401,27,35.88,-106.3,55.4,11.41
zugdidi,90,GE,1551933000,100,42.51,41.88,46.4,12.75
nadvoitsy,0,RU,1551934501,73,63.89,34.27,18.37,12.44
fort nelson,5,CA,1551931200,84,58.81,-122.69,5,4.7
taranagar,0,IN,1551934501,35,28.67,75.04,76.87,6.62
bumba,44,CD,1551934502,94,2.18,22.47,74.26,4.38
aykhal,80,RU,1551934502,70,65.95,111.51,15.17,11.77
evensk,64,RU,1551934485,97,61.92,159.24,21.34,12.21
rawson,40,AR,1551929280,63,-43.3,-65.11,66.2,20.8
caravelas,88,BR,1551934435,99,-17.73,-39.27,84.47,8.75
rakaia,68,NZ,1551934385,29,-43.76,172.02,75.2,11.41
fairbanks,90,US,1551934241,92,64.84,-147.72,24.01,3.15
piacabucu,68,BR,1551934502,83,-10.41,-36.43,77.68,4.16
kayes,0,ML,1551934502,54,14.44,-11.44,58.06,4.61
maceio,0,BR,1551931200,88,-9.67,-35.74,75.2,3.36
blackfoot,90,US,1551934282,86,43.19,-112.35,39.99,6.93
poum,8,MK,1551934329,80,41.28,20.71,25.52,1.7
cinco esquinas,20,CR,1551934332,60,9.95,-84.08,71.6,21.92
tirlyanskiy,36,RU,1551934503,89,54.22,58.58,29.66,13.78
isangel,75,VU,1551931200,70,-19.55,169.27,86,11.41
subate,68,LV,1551934504,87,56.01,25.91,30.16,16.69
chimore,100,BO,1551934504,97,-16.98,-65.13,74.21,2.37
millinocket,90,US,1551934503,77,45.66,-68.71,3.2,6.29
la asuncion,64,EC,1551934505,95,-1.64,-78.74,44.65,0.58
tairua,88,NZ,1551934267,81,-37.02,175.85,73.99,13
verkhnevilyuysk,64,RU,1551934505,61,63.45,120.31,22.69,10.65
goiatuba,0,BR,1551934506,91,-18.02,-49.36,68.36,3.15
souillac,92,FR,1551934228,81,45.6,-0.6,46.99,11.41
poopo,0,BO,1551934506,100,-18.38,-66.97,48.29,4.5
oussouye,0,SN,1551934507,70,12.49,-16.54,66.29,14
mayor pablo lagerenza,0,PY,1551934507,68,-19.93,-60.77,83.08,11.99
marathon,0,CA,1551934282,83,48.72,-86.38,0.19,9.42
uspenka,88,UA,1551934507,98,48.39,39.16,27.64,4.61
dabola,0,GN,1551934507,67,10.74,-11.11,58.91,2.37
alvdal,90,NO,1551932400,92,62.11,10.63,21.2,8.05
yatou,75,CM,1551931200,94,3.63,9.81,78.8,3.36
arman,44,RU,1551934508,68,59.7,150.17,16.16,3.15
peremyshlyany,0,UA,1551933000,82,49.67,24.56,32,13.42
cattolica,24,IT,1551934488,54,43.96,12.74,57.2,6.93
steamboat springs,90,US,1551934293,100,40.48,-106.83,35.6,9.53
kropotkin,76,RU,1551933917,95,45.43,40.58,39,4.5
hlohovec,0,SK,1551934495,70,48.43,17.8,50,10.29
broken hill,8,AU,1551931200,17,-31.97,141.45,73.4,13.87
ereymentau,0,KZ,1551934509,93,51.62,73.1,28.9,15.01
springfield,90,US,1551934492,34,37.22,-93.29,35.6,3.36
mecca,0,SA,1551934367,26,21.43,39.83,64,5.73
isla vista,90,US,1551934466,93,34.41,-119.86,57.2,3.36
gat,0,SN,1551933000,77,14.69,-16.54,62.6,23.04
dubove,20,UA,1551934260,65,48.18,23.89,41,10.29
rodeo,8,MX,1551934510,50,25.18,-104.56,48.97,3.27
san patricio,100,PY,1551934511,88,-26.98,-56.83,76.46,3.94
san andres,32,PH,1551934511,100,13.32,122.68,79.93,5.84
buraydah,0,SA,1551931200,93,26.33,43.97,46.4,4.7
carson city,75,US,1551934244,100,39.16,-119.77,42.01,6.93
kwinana,90,AU,1551934502,88,-32.25,115.77,80.6,5.82
santa rosa,75,AR,1551932340,69,-36.62,-64.29,75.2,14.99
lorengau,44,PG,1551934242,100,-2.02,147.27,82.81,1.7
akcaabat,75,TR,1551932400,70,41.02,39.57,48.2,14.99
lenine,56,UA,1551934513,93,45.3,35.78,34.21,1.14
ust-omchug,0,RU,1551934513,66,61.13,149.63,3.16,3.15
chumikan,68,RU,1551934513,56,54.72,135.31,30.11,9.64
altay,0,CN,1551934514,76,47.83,88.13,29.89,3.04
toora-khem,0,RU,1551934514,50,52.47,96.11,24.4,4.38
bideford,92,GB,1551934503,87,51.02,-4.21,46,19.46
adrasmon,44,TJ,1551933000,70,40.65,69.99,46.4,1.59
cruzeiro do sul,90,BR,1551931200,94,-7.63,-72.67,77,2.59
petropavlovsk-kamchatskiy,75,RU,1551931200,67,53.05,158.65,23,8.95
saint-paul,92,FR,1551934514,93,45.22,1.9,45,14.99
tezu,100,IN,1551934515,100,27.93,96.16,47.98,1.59
nakusp,76,CA,1551934510,91,50.24,-117.8,26.01,1.01
orapa,0,BW,1551934515,67,-21.28,25.37,72.91,10.2
chernyshevskiy,24,RU,1551934515,64,63.01,112.47,17.96,9.19
beinamar,0,TD,1551934515,63,8.67,15.38,72.1,4.94
makakilo city,75,US,1551934396,93,21.35,-158.09,73.4,3.36
richards bay,8,ZA,1551934516,82,-28.77,32.06,77.05,10.54
macusani,76,PE,1551934517,100,-14.07,-70.43,49.37,1.36
nizwa,0,OM,1551934517,52,22.93,57.53,71.96,1.36
talnakh,56,RU,1551934235,84,69.49,88.39,6.62,24.18
puquio,48,PE,1551934517,95,-14.69,-74.12,37.54,2.15
coquimbo,0,CL,1551931200,87,-29.95,-71.34,59,3.36
ukiah,90,US,1551934516,87,39.15,-123.21,52,3.36
samarai,20,PG,1551934517,100,-10.62,150.67,83.08,4.94
gedo,8,ET,1551934518,84,9.01,37.45,63.37,3.38
itoman,75,JP,1551933000,48,26.12,127.67,68,21.92
zhuhai,0,CN,1551931200,12,40.71,112.04,41,4.47
dunedin,92,NZ,1551934221,84,-45.87,170.5,57.99,15.01
birao,0,CF,1551934518,29,10.3,22.78,71.38,15.23
provideniya,0,RU,1551931200,61,64.42,-173.23,15.8,22.37
vysokogornyy,76,RU,1551934518,60,50.1,139.13,19.94,6.62
nove hrady,0,CZ,1551934517,89,48.79,14.78,39.99,5.01
quatre cocos,40,MU,1551934144,78,-20.21,57.76,84,3.36
alekseyevsk,80,RU,1551934519,69,57.84,108.35,26.74,3.83
vilyuysk,80,RU,1551934519,62,63.75,121.63,22.33,9.86
de-kastri,32,RU,1551934519,92,51.48,140.77,26.42,8.75
roma,0,IT,1551934368,41,41.89,12.48,60.8,14.99
faanui,24,PF,1551934267,98,-16.48,-151.75,84.52,13.89
saint-louis,92,CH,1551934497,71,47.59,7.56,51.01,14.99
prince rupert,1,CA,1551931200,100,54.32,-130.32,32,5.82
kuandian,0,CN,1551934320,29,40.73,124.78,46.18,5.28
cienfuegos,76,CU,1551931140,88,22.15,-80.44,66.2,6.93
chapais,1,CA,1551931200,83,49.78,-74.86,-11.21,4.7
mikhaylovka,88,RU,1551934520,81,52.96,103.29,30.34,13.67
belaya gora,12,RU,1551934520,63,68.54,146.19,-14.22,3.15
hobyo,0,SO,1551934521,75,5.35,48.53,81.55,13
bad wildbad,90,DE,1551934502,66,48.75,8.55,54,17.22
egvekinot,44,RU,1551934521,79,66.32,-179.17,9.41,2.37
bartica,20,GY,1551931200,94,6.41,-58.62,75.2,4.7
ouadda,8,CF,1551934521,60,8.07,22.4,71.92,3.94
vila franca do campo,75,PT,1551934480,100,37.72,-25.43,59,5.82
qazax,12,AZ,1551934425,39,41.09,45.37,45.64,3.15
rayevskiy,24,RU,1551934522,86,54.07,54.94,19.76,13.56
joshimath,0,IN,1551934522,86,30.57,79.57,12.92,0.58
dreux,90,FR,1551934521,87,48.74,1.37,45,13.87
arinos,64,BR,1551934522,97,-15.92,-46.11,65.53,6.29
rio bueno,40,JM,1551931200,78,18.47,-77.46,80.6,10.29
mishelevka,88,RU,1551934523,81,52.86,103.17,30.34,13.67
kysyl-syr,80,RU,1551934523,68,63.9,122.77,21.52,9.64
parana,90,BR,1551931200,94,-7.52,-72.89,77,2.59
yamada,75,JP,1551934502,93,36.58,137.08,46.99,3.36
tarata,0,PE,1551931200,64,-17.47,-70.03,68,3.36
kamina,24,CD,1551934523,89,-8.74,25,70.75,3.71
yairipok,75,IN,1551931200,77,24.67,94.07,64.4,3.36
ghanzi,0,BW,1551934524,52,-21.7,21.65,73.67,12.44
knysna,0,ZA,1551931200,93,-34.04,23.05,60.8,5.82
general pico,8,AR,1551934524,71,-35.66,-63.75,77.72,16.24
skelleftea,0,SE,1551934062,84,64.75,20.95,6.8,3.36
natchitoches,1,US,1551934452,64,31.76,-93.09,42.8,3.36
llata,56,PE,1551934525,97,-9.55,-76.82,43.03,2.48
kamalia,0,PK,1551934525,88,30.73,72.64,66.29,6.85
san marcos,5,GT,1551931218,88,14.97,-91.79,78.8,2.04
severobaykalsk,88,RU,1551934525,85,55.65,109.32,25.48,3.15
simao,100,CN,1551934526,100,22.76,100.79,61.16,2.59
lipany,75,SK,1551934416,56,49.15,20.96,42.8,10.29
kieta,88,PG,1551934526,100,-6.22,155.63,77.5,3.94
melfort,1,CA,1551931200,83,52.87,-104.61,-5.81,6.93
namie,75,JP,1551933946,93,37.52,140.86,44.01,13.87
aklavik,75,CA,1551931200,60,68.22,-135.01,10.4,6.93
charters towers,32,AU,1551934527,74,-20.07,146.27,83.26,9.08
itapetinga,76,BR,1551934527,97,-15.25,-40.25,70.75,3.04
burgeo,0,CA,1551934527,100,47.61,-57.61,19.67,13.22
rincon,1,US,1551934446,100,32.3,-81.24,39.99,2.15
kozmodemyansk,0,RU,1551933000,66,56.33,46.55,14,11.18
lufilufi,48,WS,1551934393,59,-13.87,-171.6,89.01,8.01
bhainsdehi,0,IN,1551934527,30,21.65,77.63,83.39,4.05
rostovka,40,RU,1551931200,74,55.02,73.58,33.8,17.9
henties bay,92,NA,1551931383,92,-22.12,14.28,64,3
toguchin,76,RU,1551934528,91,55.24,84.4,23.95,14
kamaishi,75,JP,1551931200,65,39.28,141.86,41,16.11
hazorasp,0,UZ,1551931200,64,41.32,61.08,39.2,9.17
tupik,8,RU,1551934528,50,54.43,119.94,33.44,3.6
pleasant prairie,90,US,1551934525,67,42.55,-87.93,25,8.05
thabazimbi,0,ZA,1551934511,73,-24.59,27.41,69.49,3.6
luena,56,AO,1551934529,98,-11.78,19.91,63.14,3.94
malinovoye ozero,24,RU,1551934529,91,51.68,79.77,27.64,6.73
blairmore,90,CA,1551933840,84,49.61,-114.44,3.2,4.7
tehachapi,90,US,1551934516,100,35.13,-118.45,57.2,11.41
gornopravdinsk,80,RU,1551934529,83,60.06,69.92,36.14,11.88
kasama,24,ZM,1551934529,100,-10.21,31.19,66.56,3.6
dutlwe,0,BW,1551934530,57,-23.98,23.93,72.41,11.54
khuzhir,68,RU,1551934530,60,53.19,107.35,34.97,1.81
nynashamn,92,SE,1551934486,100,58.9,17.95,37.99,14.99
nyagan,88,RU,1551934530,82,62.14,65.43,35.56,10.65
bousse,90,FR,1551934504,71,49.28,6.2,51.01,26.4
port-cartier,75,CA,1551933907,49,50.03,-66.88,3,10.29
neuquen,0,AR,1551931200,43,-38.95,-68.06,69.8,6.93
lashio,24,MM,1551934531,73,22.93,97.75,73.36,2.71
shizuishan,64,CN,1551934531,55,39.02,106.36,41.95,4.5
togur,88,RU,1551934531,84,58.36,82.83,27.1,15.46
santa marta de tormes,20,ES,1551934398,92,40.95,-5.63,33.01,6.93
udachnyy,88,RU,1551934531,62,66.42,112.4,14.77,8.97
longyan,92,CN,1551934437,99,25.1,117.03,57,1.92
nelidovo,0,RU,1551934532,82,56.22,32.78,12.79,13.89
palmer,0,AU,1551934503,20,-34.85,139.16,78.01,9.17
muskogee,1,US,1551934204,32,35.75,-95.37,44.6,8.05
jambi,20,ID,1551934532,75,-1.6,103.62,89.65,2.93
puerto del rosario,76,ES,1551933000,77,28.5,-13.86,60.8,14.99
edendale,8,ZA,1551934494,33,-29.65,30.31,73,2.93
lichtenau,0,DE,1551934278,76,51.62,8.9,52,13.87
kavieng,44,PG,1551934255,100,-2.57,150.8,81.19,0.36
pichayevo,0,RU,1551934533,82,51.79,41.22,11.62,3.38
kushima,75,JP,1551934396,53,31.5,131.29,62.6,19.46
solnechnyy,8,RU,1551934533,60,50.72,136.64,31.87,4.05
hounde,0,BF,1551934533,44,11.5,-3.52,62.87,4.61
hay river,20,CA,1551931200,66,60.82,-115.79,12.2,6.93
